input_rows,repetition,fitting_rows,learners,fitted_skills,global_seconds,bkt_seconds,peak_process_rss_bytes
100000,0,80,8,2,8.666014764457941e-06,0.0300471669761464,211091456
100000,1,80,8,2,8.125032763928175e-06,0.02388649998465553,226803712
100000,2,80,8,2,7.207971066236496e-06,0.023060042003635317,228065280
100000,3,80,8,2,3.879197174683213e-05,0.03900345804868266,230637568
100000,4,80,8,2,7.750000804662704e-06,0.023701541998889297,227639296
1000000,0,800,8,2,5.562498699873686e-05,0.24939970904961228,261636096
1000000,1,800,8,2,7.37080117687583e-05,0.25446079100947827,265912320
1000000,2,800,8,2,4.962499951943755e-05,0.24870595801621675,265568256
1000000,3,800,8,2,5.0083035603165627e-05,0.2491157500189729,263208960
1000000,4,800,8,2,5.329196574166417e-05,0.24759375001303852,264552448
10000000,0,8000,8,2,0.0005643330514431,2.594511707953643,332791808
10000000,1,8000,8,2,0.0005981660215184093,2.584087499999441,339591168
10000000,2,8000,8,2,0.0006085420027375221,2.634336584014818,354975744
10000000,3,8000,8,2,0.0006082080071792006,2.634072833985556,334708736
10000000,4,8000,8,2,0.0004558750079013407,2.6511748749762774,346030080
