rows,repetition,import_seconds,rows_per_second,peak_import_rss_bytes,parquet_bytes,source_bytes,feature_seconds
100000,0,4.242862166953273,23568.995660259287,348160000,7746904,24545314,0.6236279160366394
100000,1,4.112505208991934,24316.078623159294,348323840,7746904,24545314,0.6528135830303654
100000,2,3.7862978329649195,26411.02322415388,348422144,7746904,24545314,0.633923584013246
100000,3,3.7654234999790788,26557.437696066754,348389376,7746904,24545314,0.637601624999661
100000,4,3.7609348749974743,26589.13363929684,348372992,7746904,24545314,0.7650935840210877
1000000,0,39.401312791975215,25379.86501311875,444841984,77060356,247453114,6.534072167007253
1000000,1,39.138531667005736,25550.268684274946,441532416,77060356,247453114,6.701781082956586
1000000,2,40.519196832960006,24679.65996765657,441090048,77060356,247453114,6.625402833044063
1000000,3,40.159807582967915,24900.517711247892,442089472,77060356,247453114,6.981357541983016
1000000,4,40.508500375028234,24686.17674665778,465584128,77060356,247453114,6.497313125000801
10000000,0,450.15513187495526,22214.5640289575,1298317312,770283887,2494531114,69.76360745797865
10000000,1,448.33641066600103,22304.679615793553,1299906560,770283887,2494531114,74.79142249998404
10000000,2,449.80796629202086,22231.709416875638,1301577728,770283887,2494531114,70.70762825000565
10000000,3,456.5387714999961,21903.944690489636,1332445184,770283887,2494531114,71.67921262502205
10000000,4,456.1878042919561,21920.796448122688,1293434880,770283887,2494531114,73.27623299998231
