model,n,log_loss,brier,auroc,accuracy,ece,log_loss_lower,log_loss_upper
bkt,42960,0.5978893164083451,0.20457812148092044,0.6445935563785752,0.6943435754189944,0.013913485190606293,0.5697624342493408,0.6315888827521049
bkt_forgetting,42960,0.5943954601905164,0.20326689235598266,0.6555224462357225,0.6927607076350093,0.00834483096350264,0.5670468603072213,0.6267666885020012
bkt_mean_skills,42960,0.591623571065581,0.20203432003543279,0.6647306899878622,0.6976489757914339,0.02056695017629813,0.564620824498586,0.6242847118149273
global,42960,0.627376970691095,0.2178260061213528,0.5,0.6799348230912476,0.014231889622653425,0.6056584138952108,0.6526915975463722
hierarchical,42960,0.5844030012687904,0.1992099200002018,0.674859063209984,0.6985800744878957,0.0067200980608579704,0.5551933310475521,0.61647611485277
hierarchical_without_shrinkage,42960,0.6021117708619258,0.2072401803336246,0.661646580560829,0.6899208566108007,0.053163200243589066,0.5796012714165831,0.628166841887328
irt1,42960,0.6625622391955845,0.2359451952118502,0.5783046092558588,0.7060288640595903,0.15663389869251723,0.6567837684547766,0.6683739066085432
irt2,42960,0.6637788033165379,0.23618670923037272,0.5815223503781396,0.7055167597765363,0.1583907380558694,0.6571013178857285,0.6698849434196633
item_prior,42960,0.587599239276484,0.20036809467835953,0.6717258921290965,0.6982076350093109,0.02392651078971847,0.5626752726807541,0.6153849525437115
logistic_c0.1,42960,0.5502376310448942,0.18689518544228698,0.7355167582708289,0.7119180633147114,0.03100303497393257,0.5206802328843341,0.5871239827335099
logistic_c1,42960,0.5490137583602567,0.1863412308358447,0.7359291500420154,0.714501862197393,0.026911223901409417,0.51947796529955,0.58515121903498
logistic_c10,42960,0.5498876737299286,0.18658641890204652,0.7345099598518565,0.7147811918063315,0.02748622322688599,0.5201959033714014,0.5856873130279516
logistic_without_skills,42960,0.5548408859024193,0.18907744198490337,0.7296826043384893,0.7078212290502793,0.03342739186706669,0.524436447075759,0.5910832762887652
logistic_without_time,42960,0.5491314566922045,0.1863304200992132,0.7359275416264667,0.7142225325884544,0.027406001365154115,0.5197933947918963,0.5848512397062821
recent,42960,0.6042930096716784,0.20618485609316634,0.6557581724814043,0.6915968342644321,0.049708877968044435,0.5711140748854979,0.6418617649714395
