rows,repetition,query,condition,seconds,bytes_read,rows_returned
100000,0,accuracy,connection-cold,0.002352292009163648,1354,1
100000,0,accuracy,connection-warm,0.0013635000213980675,0,1
100000,0,question_groups,connection-cold,0.0014207920175977051,1498,200
100000,0,question_groups,connection-warm,0.001276249997317791,0,200
100000,0,skill_groups,connection-cold,0.0024408329627476633,1144,10
100000,0,skill_groups,connection-warm,0.002436709008179605,0,10
100000,0,learner_history,connection-cold,0.0030182909686118364,3402,10
100000,0,learner_history,connection-warm,0.002981332945637405,0,10
100000,1,accuracy,connection-cold,0.001528959022834897,1354,1
100000,1,accuracy,connection-warm,0.0013676669914275408,0,1
100000,1,question_groups,connection-cold,0.001644000003580004,1498,200
100000,1,question_groups,connection-warm,0.001380082976538688,0,200
100000,1,skill_groups,connection-cold,0.0026706670178100467,1144,10
100000,1,skill_groups,connection-warm,0.0026281250175088644,0,10
100000,1,learner_history,connection-cold,0.0033142499742098153,3402,10
100000,1,learner_history,connection-warm,0.00332866603275761,0,10
100000,2,accuracy,connection-cold,0.0016365420306101441,1354,1
100000,2,accuracy,connection-warm,0.001563000027090311,0,1
100000,2,question_groups,connection-cold,0.0016047919634729624,1498,200
100000,2,question_groups,connection-warm,0.0013355829869396985,0,200
100000,2,skill_groups,connection-cold,0.0026826660032384098,1144,10
100000,2,skill_groups,connection-warm,0.002587374998256564,0,10
100000,2,learner_history,connection-cold,0.003213374991901219,3402,10
100000,2,learner_history,connection-warm,0.0031105829984880984,0,10
100000,3,accuracy,connection-cold,0.0016948329866863787,1354,1
100000,3,accuracy,connection-warm,0.001421875029336661,0,1
100000,3,question_groups,connection-cold,0.0014657499850727618,1498,200
100000,3,question_groups,connection-warm,0.0013167920405976474,0,200
100000,3,skill_groups,connection-cold,0.0026069169980473816,1144,10
100000,3,skill_groups,connection-warm,0.0025560830254107714,0,10
100000,3,learner_history,connection-cold,0.003259124991018325,3402,10
100000,3,learner_history,connection-warm,0.0031470830435864627,0,10
100000,4,accuracy,connection-cold,0.0015173329738900065,1354,1
100000,4,accuracy,connection-warm,0.0014215419651009142,0,1
100000,4,question_groups,connection-cold,0.0014312499552033842,1498,200
100000,4,question_groups,connection-warm,0.0012235000031068921,0,200
100000,4,skill_groups,connection-cold,0.0024689160054549575,1144,10
100000,4,skill_groups,connection-warm,0.002384041959885508,0,10
100000,4,learner_history,connection-cold,0.0031035830033943057,3402,10
100000,4,learner_history,connection-warm,0.0030970419757068157,0,10
1000000,0,accuracy,connection-cold,0.009658291994128376,10831,1
1000000,0,accuracy,connection-warm,0.008823457988910377,0,1
1000000,0,question_groups,connection-cold,0.0047912090085446835,11998,200
1000000,0,question_groups,connection-warm,0.004648250003810972,0,200
1000000,0,skill_groups,connection-cold,0.01532254199264571,9152,10
1000000,0,skill_groups,connection-warm,0.016157999983988702,0,10
1000000,0,learner_history,connection-cold,0.023379416030365974,27215,100
1000000,0,learner_history,connection-warm,0.02309695800067857,0,100
1000000,1,accuracy,connection-cold,0.008216749993152916,10831,1
1000000,1,accuracy,connection-warm,0.007730124983936548,0,1
1000000,1,question_groups,connection-cold,0.004457459028344601,11998,200
1000000,1,question_groups,connection-warm,0.004873375000897795,0,200
1000000,1,skill_groups,connection-cold,0.01571079099085182,9152,10
1000000,1,skill_groups,connection-warm,0.015485709009226412,0,10
1000000,1,learner_history,connection-cold,0.022967665980104357,27215,100
1000000,1,learner_history,connection-warm,0.02281199995195493,0,100
1000000,2,accuracy,connection-cold,0.008363166998606175,10831,1
1000000,2,accuracy,connection-warm,0.007814207987394184,0,1
1000000,2,question_groups,connection-cold,0.004607750044669956,11998,200
1000000,2,question_groups,connection-warm,0.00455675000557676,0,200
1000000,2,skill_groups,connection-cold,0.015670833992771804,9152,10
1000000,2,skill_groups,connection-warm,0.015860125015024096,0,10
1000000,2,learner_history,connection-cold,0.02309791703009978,27215,100
1000000,2,learner_history,connection-warm,0.023149374988861382,0,100
1000000,3,accuracy,connection-cold,0.010333915997762233,10831,1
1000000,3,accuracy,connection-warm,0.009612791007384658,0,1
1000000,3,question_groups,connection-cold,0.004969583009369671,11998,200
1000000,3,question_groups,connection-warm,0.004703165963292122,0,200
1000000,3,skill_groups,connection-cold,0.016110749973449856,9152,10
1000000,3,skill_groups,connection-warm,0.016490165959112346,0,10
1000000,3,learner_history,connection-cold,0.02346258400939405,27215,100
1000000,3,learner_history,connection-warm,0.02387991704745218,0,100
1000000,4,accuracy,connection-cold,0.008468082989566028,10831,1
1000000,4,accuracy,connection-warm,0.007975624990649521,0,1
1000000,4,question_groups,connection-cold,0.004509499995037913,11998,200
1000000,4,question_groups,connection-warm,0.00439150002785027,0,200
1000000,4,skill_groups,connection-cold,0.014771540998481214,9152,10
1000000,4,skill_groups,connection-warm,0.015480374975595623,0,10
1000000,4,learner_history,connection-cold,0.022397833003196865,27215,100
1000000,4,learner_history,connection-warm,0.02199070801725611,0,100
10000000,0,accuracy,connection-cold,0.10376995801925659,103580,1
10000000,0,accuracy,connection-warm,0.07524070801446214,0,1
10000000,0,question_groups,connection-cold,0.045650542015209794,114843,200
10000000,0,question_groups,connection-warm,0.037150458025280386,0,200
10000000,0,skill_groups,connection-cold,0.1420342919882387,87454,10
10000000,0,skill_groups,connection-warm,0.14415033400291577,0,10
10000000,0,learner_history,connection-cold,0.06972558400593698,54432,100
10000000,0,learner_history,connection-warm,0.056102083006408066,0,100
10000000,1,accuracy,connection-cold,0.3101690420298837,103580,1
10000000,1,accuracy,connection-warm,0.08423350000521168,0,1
10000000,1,question_groups,connection-cold,0.16562704101670533,114843,200
10000000,1,question_groups,connection-warm,0.04140112502500415,0,200
10000000,1,skill_groups,connection-cold,0.16542991698952392,87454,10
10000000,1,skill_groups,connection-warm,0.1652443339698948,0,10
10000000,1,learner_history,connection-cold,0.16452312498586252,54432,100
10000000,1,learner_history,connection-warm,0.06092545803403482,0,100
10000000,2,accuracy,connection-cold,0.10003295802744105,103580,1
10000000,2,accuracy,connection-warm,0.07134629198117182,0,1
10000000,2,question_groups,connection-cold,0.04291149997152388,114843,200
10000000,2,question_groups,connection-warm,0.03671816602582112,0,200
10000000,2,skill_groups,connection-cold,0.14242500002728775,87454,10
10000000,2,skill_groups,connection-warm,0.14395262498874217,0,10
10000000,2,learner_history,connection-cold,0.07803395803784952,52731,100
10000000,2,learner_history,connection-warm,0.05567516601877287,1701,100
10000000,3,accuracy,connection-cold,0.16793279099510983,103580,1
10000000,3,accuracy,connection-warm,0.07567975000711158,0,1
10000000,3,question_groups,connection-cold,0.12366650003241375,114843,200
10000000,3,question_groups,connection-warm,0.04003379197092727,0,200
10000000,3,skill_groups,connection-cold,0.1455042920424603,87454,10
10000000,3,skill_groups,connection-warm,0.15447112498804927,0,10
10000000,3,learner_history,connection-cold,0.16306674998486415,52731,100
10000000,3,learner_history,connection-warm,0.057509624981321394,1701,100
10000000,4,accuracy,connection-cold,0.11189574998570606,103580,1
10000000,4,accuracy,connection-warm,0.07484324998222291,0,1
10000000,4,question_groups,connection-cold,0.048814082983881235,114843,200
10000000,4,question_groups,connection-warm,0.03918995801359415,0,200
10000000,4,skill_groups,connection-cold,0.1591337500140071,87454,10
10000000,4,skill_groups,connection-warm,0.19664499995997176,0,10
10000000,4,learner_history,connection-cold,0.0762775830226019,54432,100
10000000,4,learner_history,connection-warm,0.06068079097894952,0,100
